year,field_of_study,major,students
1998,Agriculture,Agriculture,6146.0
1998,Agriculture,Natural Resources and Conservation,1803.0
1998,Business and Management,Business and Management,101360.0
1998,Communications and Journalism,"Communication, Journalism",9473.0
1998,Communications and Journalism,Communications Technologies/Technicians,1761.0
1998,Education,Education,13261.0
1998,Engineering,Construction Trades,223.0
1998,Engineering,Engineering,66264.0
1998,Engineering,Engineering Technologies/Technicians,5028.0
1998,Engineering,Mechanic and Repair Technologies/Technicians,476.0
1998,Engineering,Military Technologies,58.0
1998,Engineering,Precision Production,161.0
1998,Engineering,Transportation and Materials Moving,804.0
1998,Fine and Applied Arts,Architecture,6454.0
1998,Fine and Applied Arts,Visual and Performing Arts,25032.0
1998,Health Professions,Health Professions,20260.0
1998,Health Professions,Residency Programs,
1998,Humanities,English Language and Literature/Letters,5762.0
1998,Humanities,"Foreign Languages, Literatures and Linguistics",5066.0
1998,Humanities,Philosophy and Religious Studies,1933.0
1998,Humanities,Theology and Religious Vocations,3534.0
1998,Intensive English,Intensive English,21030.0
1998,Legal Studies and Law Enforcement,"Homeland Security, Law Enforcement, and Firefighting",530.0
1998,Legal Studies and Law Enforcement,Legal Professions and Studies,4873.0
1998,Math and Computer Science,Computer and Information Sciences,40085.0
1998,Math and Computer Science,Mathematics and Statistics,8151.0
1998,Other Fields of Study,Basic Skills,
1998,Other Fields of Study,Family and Consumer Sciences/Human Sciences,3046.0
1998,Other Fields of Study,Liberal Arts and Sciences/General Studies,25632.0
1998,Other Fields of Study,Library Science,651.0
1998,Other Fields of Study,Multi/Interdisciplinary Studies,3799.0
1998,Other Fields of Study,"Parks, Recreation, Leisure and Fitness Studies",2277.0
1998,Other Fields of Study,Personal and Culinary Services,723.0
1998,Other Fields of Study,Reserve Officer Training Corps,
1998,Physical and Life Sciences,Biological and Biomedical Sciences,18825.0
1998,Physical and Life Sciences,Physical Sciences,17265.0
1998,Physical and Life Sciences,Science Technologies/Technicians,965.0
1998,Social Sciences,"Area, Ethnic, Cultural and Gender Studies",2170.0
1998,Social Sciences,History,
1998,Social Sciences,Psychology,7500.0
1998,Social Sciences,Public Administration and Social Service Professions,4032.0
1998,Social Sciences,Social Sciences,23553.0
1998,Undeclared,Undeclared,30970.0
1999,Agriculture,Agriculture,5850.0
1999,Agriculture,Natural Resources and Conservation,1879.0
1999,Business and Management,Business and Management,102492.0
1999,Communications and Journalism,"Communication, Journalism",9714.0
1999,Communications and Journalism,Communications Technologies/Technicians,1563.0
1999,Education,Education,12885.0
1999,Engineering,Construction Trades,276.0
1999,Engineering,Engineering,69593.0
1999,Engineering,Engineering Technologies/Technicians,5042.0
1999,Engineering,Mechanic and Repair Technologies/Technicians,602.0
1999,Engineering,Military Technologies,85.0
1999,Engineering,Precision Production,101.0
1999,Engineering,Transportation and Materials Moving,1135.0
1999,Fine and Applied Arts,Architecture,6189.0
1999,Fine and Applied Arts,Visual and Performing Arts,26290.0
1999,Health Professions,Health Professions,21625.0
1999,Health Professions,Residency Programs,
1999,Humanities,English Language and Literature/Letters,5566.0
1999,Humanities,"Foreign Languages, Literatures and Linguistics",5261.0
1999,Humanities,Philosophy and Religious Studies,1809.0
1999,Humanities,Theology and Religious Vocations,4050.0
1999,Intensive English,Intensive English,21015.0
1999,Legal Studies and Law Enforcement,"Homeland Security, Law Enforcement, and Firefighting",619.0
1999,Legal Studies and Law Enforcement,Legal Professions and Studies,5763.0
1999,Math and Computer Science,Computer and Information Sciences,49487.0
1999,Math and Computer Science,Mathematics and Statistics,7779.0
1999,Other Fields of Study,Basic Skills,
1999,Other Fields of Study,Family and Consumer Sciences/Human Sciences,2577.0
1999,Other Fields of Study,Liberal Arts and Sciences/General Studies,28313.0
1999,Other Fields of Study,Library Science,655.0
1999,Other Fields of Study,Multi/Interdisciplinary Studies,4525.0
1999,Other Fields of Study,"Parks, Recreation, Leisure and Fitness Studies",2414.0
1999,Other Fields of Study,Personal and Culinary Services,723.0
1999,Other Fields of Study,Reserve Officer Training Corps,
1999,Physical and Life Sciences,Biological and Biomedical Sciences,18910.0
1999,Physical and Life Sciences,Physical Sciences,17560.0
1999,Physical and Life Sciences,Science Technologies/Technicians,950.0
1999,Social Sciences,"Area, Ethnic, Cultural and Gender Studies",2779.0
1999,Social Sciences,History,
1999,Social Sciences,Psychology,6998.0
1999,Social Sciences,Public Administration and Social Service Professions,4448.0
1999,Social Sciences,Social Sciences,24404.0
1999,Undeclared,Undeclared,32799.0
2000,Agriculture,Agriculture,5373.0
2000,Agriculture,Natural Resources and Conservation,1827.0
2000,Business and Management,Business and Management,105214.0
2000,Communications and Journalism,"Communication, Journalism",9958.0
2000,Communications and Journalism,Communications Technologies/Technicians,2261.0
2000,Education,Education,14053.0
2000,Engineering,Construction Trades,371.0
2000,Engineering,Engineering,75815.0
2000,Engineering,Engineering Technologies/Technicians,5630.0
2000,Engineering,Mechanic and Repair Technologies/Technicians,497.0
2000,Engineering,Military Technologies,210.0
2000,Engineering,Precision Production,199.0
2000,Engineering,Transportation and Materials Moving,674.0
2000,Fine and Applied Arts,Architecture,6602.0
2000,Fine and Applied Arts,Visual and Performing Arts,27618.0
2000,Health Professions,Health Professions,22430.0
2000,Health Professions,Residency Programs,
2000,Humanities,English Language and Literature/Letters,5735.0
2000,Humanities,"Foreign Languages, Literatures and Linguistics",4889.0
2000,Humanities,Philosophy and Religious Studies,1785.0
2000,Humanities,Theology and Religious Vocations,3714.0
2000,Intensive English,Intensive English,23011.0
2000,Legal Studies and Law Enforcement,"Homeland Security, Law Enforcement, and Firefighting",697.0
2000,Legal Studies and Law Enforcement,Legal Professions and Studies,5759.0
2000,Math and Computer Science,Computer and Information Sciences,59836.0
2000,Math and Computer Science,Mathematics and Statistics,7989.0
2000,Other Fields of Study,Basic Skills,
2000,Other Fields of Study,Family and Consumer Sciences/Human Sciences,2886.0
2000,Other Fields of Study,Liberal Arts and Sciences/General Studies,28957.0
2000,Other Fields of Study,Library Science,816.0
2000,Other Fields of Study,Multi/Interdisciplinary Studies,6388.0
2000,Other Fields of Study,"Parks, Recreation, Leisure and Fitness Studies",2730.0
2000,Other Fields of Study,Personal and Culinary Services,829.0
2000,Other Fields of Study,Reserve Officer Training Corps,
2000,Physical and Life Sciences,Biological and Biomedical Sciences,20119.0
2000,Physical and Life Sciences,Physical Sciences,16975.0
2000,Physical and Life Sciences,Science Technologies/Technicians,1302.0
2000,Social Sciences,"Area, Ethnic, Cultural and Gender Studies",2402.0
2000,Social Sciences,History,
2000,Social Sciences,Psychology,7855.0
2000,Social Sciences,Public Administration and Social Service Professions,4626.0
2000,Social Sciences,Social Sciences,24057.0
2000,Undeclared,Undeclared,35779.0
2001,Agriculture,Agriculture,5916.0
2001,Agriculture,Natural Resources and Conservation,2034.0
2001,Business and Management,Business and Management,113495.0
2001,Communications and Journalism,"Communication, Journalism",10560.0
2001,Communications and Journalism,Communications Technologies/Technicians,2035.0
2001,Education,Education,15709.0
2001,Engineering,Construction Trades,437.0
2001,Engineering,Engineering,79833.0
2001,Engineering,Engineering Technologies/Technicians,5655.0
2001,Engineering,Mechanic and Repair Technologies/Technicians,660.0
2001,Engineering,Military Technologies,77.0
2001,Engineering,Precision Production,168.0
2001,Engineering,Transportation and Materials Moving,1428.0
2001,Fine and Applied Arts,Architecture,6694.0
2001,Fine and Applied Arts,Visual and Performing Arts,27284.0
2001,Health Professions,Health Professions,24037.0
2001,Health Professions,Residency Programs,
2001,Humanities,English Language and Literature/Letters,5795.0
2001,Humanities,"Foreign Languages, Literatures and Linguistics",6097.0
2001,Humanities,Philosophy and Religious Studies,2630.0
2001,Humanities,Theology and Religious Vocations,3845.0
2001,Intensive English,Intensive English,21237.0
2001,Legal Studies and Law Enforcement,"Homeland Security, Law Enforcement, and Firefighting",749.0
2001,Legal Studies and Law Enforcement,Legal Professions and Studies,6552.0
2001,Math and Computer Science,Computer and Information Sciences,67850.0
2001,Math and Computer Science,Mathematics and Statistics,8886.0
2001,Other Fields of Study,Basic Skills,
2001,Other Fields of Study,Family and Consumer Sciences/Human Sciences,2968.0
2001,Other Fields of Study,Liberal Arts and Sciences/General Studies,29950.0
2001,Other Fields of Study,Library Science,803.0
2001,Other Fields of Study,Multi/Interdisciplinary Studies,6840.0
2001,Other Fields of Study,"Parks, Recreation, Leisure and Fitness Studies",2677.0
2001,Other Fields of Study,Personal and Culinary Services,1390.0
2001,Other Fields of Study,Reserve Officer Training Corps,
2001,Physical and Life Sciences,Biological and Biomedical Sciences,20672.0
2001,Physical and Life Sciences,Physical Sciences,19433.0
2001,Physical and Life Sciences,Science Technologies/Technicians,1312.0
2001,Social Sciences,"Area, Ethnic, Cultural and Gender Studies",2420.0
2001,Social Sciences,History,
2001,Social Sciences,Psychology,7729.0
2001,Social Sciences,Public Administration and Social Service Professions,4884.0
2001,Social Sciences,Social Sciences,26208.0
2001,Undeclared,Undeclared,36048.0
2002,Agriculture,Agriculture,4790.0
2002,Agriculture,Natural Resources and Conservation,1973.0
2002,Business and Management,Business and Management,113990.0
2002,Communications and Journalism,"Communication, Journalism",10249.0
2002,Communications and Journalism,Communications Technologies/Technicians,2477.0
2002,Education,Education,16004.0
2002,Engineering,Construction Trades,306.0
2002,Engineering,Engineering,88809.0
2002,Engineering,Engineering Technologies/Technicians,5781.0
2002,Engineering,Mechanic and Repair Technologies/Technicians,426.0
2002,Engineering,Military Technologies,29.0
2002,Engineering,Precision Production,140.0
2002,Engineering,Transportation and Materials Moving,1083.0
2002,Fine and Applied Arts,Architecture,6712.0
2002,Fine and Applied Arts,Visual and Performing Arts,24306.0
2002,Health Professions,Health Professions,28120.0
2002,Health Professions,Residency Programs,
2002,Humanities,English Language and Literature/Letters,5912.0
2002,Humanities,"Foreign Languages, Literatures and Linguistics",6845.0
2002,Humanities,Philosophy and Religious Studies,1990.0
2002,Humanities,Theology and Religious Vocations,4406.0
2002,Intensive English,Intensive English,17620.0
2002,Legal Studies and Law Enforcement,"Homeland Security, Law Enforcement, and Firefighting",723.0
2002,Legal Studies and Law Enforcement,Legal Professions and Studies,6411.0
2002,Math and Computer Science,Computer and Information Sciences,61857.0
2002,Math and Computer Science,Mathematics and Statistics,10069.0
2002,Other Fields of Study,Basic Skills,
2002,Other Fields of Study,Family and Consumer Sciences/Human Sciences,3376.0
2002,Other Fields of Study,Liberal Arts and Sciences/General Studies,29972.0
2002,Other Fields of Study,Library Science,901.0
2002,Other Fields of Study,Multi/Interdisciplinary Studies,5058.0
2002,Other Fields of Study,"Parks, Recreation, Leisure and Fitness Studies",2840.0
2002,Other Fields of Study,Personal and Culinary Services,787.0
2002,Other Fields of Study,Reserve Officer Training Corps,
2002,Physical and Life Sciences,Biological and Biomedical Sciences,22960.0
2002,Physical and Life Sciences,Physical Sciences,19484.0
2002,Physical and Life Sciences,Science Technologies/Technicians,1105.0
2002,Social Sciences,"Area, Ethnic, Cultural and Gender Studies",2304.0
2002,Social Sciences,History,
2002,Social Sciences,Psychology,8522.0
2002,Social Sciences,Public Administration and Social Service Professions,4814.0
2002,Social Sciences,Social Sciences,26775.0
2002,Undeclared,Undeclared,36395.0
2003,Agriculture,Agriculture,5406.0
2003,Agriculture,Natural Resources and Conservation,1886.0
2003,Business and Management,Business and Management,107909.0
2003,Communications and Journalism,"Communication, Journalism",9104.0
2003,Communications and Journalism,Communications Technologies/Technicians,2335.0
2003,Education,Education,15909.0
2003,Engineering,Construction Trades,184.0
2003,Engineering,Engineering,87528.0
2003,Engineering,Engineering Technologies/Technicians,5920.0
2003,Engineering,Mechanic and Repair Technologies/Technicians,486.0
2003,Engineering,Military Technologies,5.0
2003,Engineering,Precision Production,90.0
2003,Engineering,Transportation and Materials Moving,1012.0
2003,Fine and Applied Arts,Architecture,6678.0
2003,Fine and Applied Arts,Visual and Performing Arts,25204.0
2003,Health Professions,Health Professions,25749.0
2003,Health Professions,Residency Programs,
2003,Humanities,English Language and Literature/Letters,4841.0
2003,Humanities,"Foreign Languages, Literatures and Linguistics",5366.0
2003,Humanities,Philosophy and Religious Studies,2243.0
2003,Humanities,Theology and Religious Vocations,4172.0
2003,Intensive English,Intensive English,15006.0
2003,Legal Studies and Law Enforcement,"Homeland Security, Law Enforcement, and Firefighting",817.0
2003,Legal Studies and Law Enforcement,Legal Professions and Studies,6222.0
2003,Math and Computer Science,Computer and Information Sciences,57739.0
2003,Math and Computer Science,Mathematics and Statistics,9954.0
2003,Other Fields of Study,Basic Skills,
2003,Other Fields of Study,Family and Consumer Sciences/Human Sciences,2801.0
2003,Other Fields of Study,Liberal Arts and Sciences/General Studies,32007.0
2003,Other Fields of Study,Library Science,742.0
2003,Other Fields of Study,Multi/Interdisciplinary Studies,7057.0
2003,Other Fields of Study,"Parks, Recreation, Leisure and Fitness Studies",2872.0
2003,Other Fields of Study,Personal and Culinary Services,879.0
2003,Other Fields of Study,Reserve Officer Training Corps,
2003,Physical and Life Sciences,Biological and Biomedical Sciences,23290.0
2003,Physical and Life Sciences,Physical Sciences,19603.0
2003,Physical and Life Sciences,Science Technologies/Technicians,1714.0
2003,Social Sciences,"Area, Ethnic, Cultural and Gender Studies",2639.0
2003,Social Sciences,History,
2003,Social Sciences,Psychology,8352.0
2003,Social Sciences,Public Administration and Social Service Professions,5372.0
2003,Social Sciences,Social Sciences,34101.0
2003,Undeclared,Undeclared,29313.0
2004,Agriculture,Agriculture,5528.0
2004,Agriculture,Natural Resources and Conservation,1991.0
2004,Business and Management,Business and Management,98975.0
2004,Communications and Journalism,"Communication, Journalism",9107.0
2004,Communications and Journalism,Communications Technologies/Technicians,1848.0
2004,Education,Education,15697.0
2004,Engineering,Construction Trades,242.0
2004,Engineering,Engineering,87999.0
2004,Engineering,Engineering Technologies/Technicians,3427.0
2004,Engineering,Mechanic and Repair Technologies/Technicians,277.0
2004,Engineering,Military Technologies,18.0
2004,Engineering,Precision Production,30.0
2004,Engineering,Transportation and Materials Moving,977.0
2004,Fine and Applied Arts,Architecture,6271.0
2004,Fine and Applied Arts,Visual and Performing Arts,21792.0
2004,Health Professions,Health Professions,26301.0
2004,Health Professions,Residency Programs,154.0
2004,Humanities,English Language and Literature/Letters,4590.0
2004,Humanities,"Foreign Languages, Literatures and Linguistics",5839.0
2004,Humanities,Philosophy and Religious Studies,1544.0
2004,Humanities,Theology and Religious Vocations,3877.0
2004,Intensive English,Intensive English,16133.0
2004,Legal Studies and Law Enforcement,"Homeland Security, Law Enforcement, and Firefighting",882.0
2004,Legal Studies and Law Enforcement,Legal Professions and Studies,6270.0
2004,Math and Computer Science,Computer and Information Sciences,38966.0
2004,Math and Computer Science,Mathematics and Statistics,11781.0
2004,Other Fields of Study,Basic Skills,
2004,Other Fields of Study,Family and Consumer Sciences/Human Sciences,3142.0
2004,Other Fields of Study,Liberal Arts and Sciences/General Studies,32912.0
2004,Other Fields of Study,Library Science,638.0
2004,Other Fields of Study,Multi/Interdisciplinary Studies,5611.0
2004,Other Fields of Study,"Parks, Recreation, Leisure and Fitness Studies",2940.0
2004,Other Fields of Study,Personal and Culinary Services,1104.0
2004,Other Fields of Study,Reserve Officer Training Corps,
2004,Physical and Life Sciences,Biological and Biomedical Sciences,25987.0
2004,Physical and Life Sciences,Physical Sciences,22498.0
2004,Physical and Life Sciences,Science Technologies/Technicians,1014.0
2004,Social Sciences,"Area, Ethnic, Cultural and Gender Studies",2570.0
2004,Social Sciences,History,1774.0
2004,Social Sciences,Psychology,7788.0
2004,Social Sciences,Public Administration and Social Service Professions,5056.0
2004,Social Sciences,Social Sciences,25075.0
2004,Undeclared,Undeclared,27982.0
2005,Agriculture,Agriculture,5475.0
2005,Agriculture,Natural Resources and Conservation,2408.0
2005,Business and Management,Business and Management,99382.0
2005,Communications and Journalism,"Communication, Journalism",9573.0
2005,Communications and Journalism,Communications Technologies/Technicians,2517.0
2005,Education,Education,16546.0
2005,Engineering,Construction Trades,290.0
2005,Engineering,Engineering,82884.0
2005,Engineering,Engineering Technologies/Technicians,4161.0
2005,Engineering,Mechanic and Repair Technologies/Technicians,292.0
2005,Engineering,Military Technologies,203.0
2005,Engineering,Precision Production,20.0
2005,Engineering,Transportation and Materials Moving,813.0
2005,Fine and Applied Arts,Architecture,6036.0
2005,Fine and Applied Arts,Visual and Performing Arts,23472.0
2005,Health Professions,Health Professions,27124.0
2005,Health Professions,Residency Programs,580.0
2005,Humanities,English Language and Literature/Letters,4908.0
2005,Humanities,"Foreign Languages, Literatures and Linguistics",6005.0
2005,Humanities,Philosophy and Religious Studies,1613.0
2005,Humanities,Theology and Religious Vocations,3954.0
2005,Intensive English,Intensive English,17239.0
2005,Legal Studies and Law Enforcement,"Homeland Security, Law Enforcement, and Firefighting",871.0
2005,Legal Studies and Law Enforcement,Legal Professions and Studies,6114.0
2005,Math and Computer Science,Computer and Information Sciences,34318.0
2005,Math and Computer Science,Mathematics and Statistics,11200.0
2005,Other Fields of Study,Basic Skills,
2005,Other Fields of Study,Family and Consumer Sciences/Human Sciences,3264.0
2005,Other Fields of Study,Liberal Arts and Sciences/General Studies,29865.0
2005,Other Fields of Study,Library Science,729.0
2005,Other Fields of Study,Multi/Interdisciplinary Studies,6557.0
2005,Other Fields of Study,"Parks, Recreation, Leisure and Fitness Studies",3025.0
2005,Other Fields of Study,Personal and Culinary Services,1498.0
2005,Other Fields of Study,Reserve Officer Training Corps,
2005,Physical and Life Sciences,Biological and Biomedical Sciences,27233.0
2005,Physical and Life Sciences,Physical Sciences,21655.0
2005,Physical and Life Sciences,Science Technologies/Technicians,1281.0
2005,Social Sciences,"Area, Ethnic, Cultural and Gender Studies",2373.0
2005,Social Sciences,History,1868.0
2005,Social Sciences,Psychology,8021.0
2005,Social Sciences,Public Administration and Social Service Professions,4934.0
2005,Social Sciences,Social Sciences,25039.0
2005,Undeclared,Undeclared,17888.0
2006,Agriculture,Agriculture,5114.0
2006,Agriculture,Natural Resources and Conservation,2347.0
2006,Business and Management,Business and Management,102506.0
2006,Communications and Journalism,"Communication, Journalism",9127.0
2006,Communications and Journalism,Communications Technologies/Technicians,2367.0
2006,Education,Education,16825.0
2006,Engineering,Construction Trades,160.0
2006,Engineering,Engineering,84126.0
2006,Engineering,Engineering Technologies/Technicians,3864.0
2006,Engineering,Mechanic and Repair Technologies/Technicians,348.0
2006,Engineering,Military Technologies,42.0
2006,Engineering,Precision Production,22.0
2006,Engineering,Transportation and Materials Moving,617.0
2006,Fine and Applied Arts,Architecture,5742.0
2006,Fine and Applied Arts,Visual and Performing Arts,23846.0
2006,Health Professions,Health Professions,28294.0
2006,Health Professions,Residency Programs,429.0
2006,Humanities,English Language and Literature/Letters,4751.0
2006,Humanities,"Foreign Languages, Literatures and Linguistics",6053.0
2006,Humanities,Philosophy and Religious Studies,2443.0
2006,Humanities,Theology and Religious Vocations,2942.0
2006,Intensive English,Intensive English,22417.0
2006,Legal Studies and Law Enforcement,"Homeland Security, Law Enforcement, and Firefighting",892.0
2006,Legal Studies and Law Enforcement,Legal Professions and Studies,6368.0
2006,Math and Computer Science,Computer and Information Sciences,33437.0
2006,Math and Computer Science,Mathematics and Statistics,12582.0
2006,Other Fields of Study,Basic Skills,
2006,Other Fields of Study,Family and Consumer Sciences/Human Sciences,2720.0
2006,Other Fields of Study,Liberal Arts and Sciences/General Studies,30371.0
2006,Other Fields of Study,Library Science,724.0
2006,Other Fields of Study,Multi/Interdisciplinary Studies,6996.0
2006,Other Fields of Study,"Parks, Recreation, Leisure and Fitness Studies",3103.0
2006,Other Fields of Study,Personal and Culinary Services,1135.0
2006,Other Fields of Study,Reserve Officer Training Corps,
2006,Physical and Life Sciences,Biological and Biomedical Sciences,28315.0
2006,Physical and Life Sciences,Physical Sciences,22497.0
2006,Physical and Life Sciences,Science Technologies/Technicians,1051.0
2006,Social Sciences,"Area, Ethnic, Cultural and Gender Studies",2353.0
2006,Social Sciences,History,1878.0
2006,Social Sciences,Psychology,8307.0
2006,Social Sciences,Public Administration and Social Service Professions,5389.0
2006,Social Sciences,Social Sciences,27056.0
2006,Undeclared,Undeclared,19545.0
2007,Agriculture,Agriculture,6721.0
2007,Agriculture,Natural Resources and Conservation,2224.0
2007,Business and Management,Business and Management,110041.0
2007,Communications and Journalism,"Communication, Journalism",9222.0
2007,Communications and Journalism,Communications Technologies/Technicians,2913.0
2007,Education,Education,17775.0
2007,Engineering,Construction Trades,493.0
2007,Engineering,Engineering,89821.0
2007,Engineering,Engineering Technologies/Technicians,4586.0
2007,Engineering,Mechanic and Repair Technologies/Technicians,470.0
2007,Engineering,Military Technologies,56.0
2007,Engineering,Precision Production,39.0
2007,Engineering,Transportation and Materials Moving,724.0
2007,Fine and Applied Arts,Architecture,5940.0
2007,Fine and Applied Arts,Visual and Performing Arts,25787.0
2007,Health Professions,Health Professions,29163.0
2007,Health Professions,Residency Programs,422.0
2007,Humanities,English Language and Literature/Letters,4938.0
2007,Humanities,"Foreign Languages, Literatures and Linguistics",6252.0
2007,Humanities,Philosophy and Religious Studies,1996.0
2007,Humanities,Theology and Religious Vocations,4274.0
2007,Intensive English,Intensive English,25856.0
2007,Legal Studies and Law Enforcement,"Homeland Security, Law Enforcement, and Firefighting",865.0
2007,Legal Studies and Law Enforcement,Legal Professions and Studies,6598.0
2007,Math and Computer Science,Computer and Information Sciences,34819.0
2007,Math and Computer Science,Mathematics and Statistics,11494.0
2007,Other Fields of Study,Basic Skills,
2007,Other Fields of Study,Family and Consumer Sciences/Human Sciences,3276.0
2007,Other Fields of Study,Liberal Arts and Sciences/General Studies,29248.0
2007,Other Fields of Study,Library Science,809.0
2007,Other Fields of Study,Multi/Interdisciplinary Studies,8760.0
2007,Other Fields of Study,"Parks, Recreation, Leisure and Fitness Studies",2975.0
2007,Other Fields of Study,Personal and Culinary Services,865.0
2007,Other Fields of Study,Reserve Officer Training Corps,
2007,Physical and Life Sciences,Biological and Biomedical Sciences,29159.0
2007,Physical and Life Sciences,Physical Sciences,22942.0
2007,Physical and Life Sciences,Science Technologies/Technicians,766.0
2007,Social Sciences,"Area, Ethnic, Cultural and Gender Studies",2204.0
2007,Social Sciences,History,2112.0
2007,Social Sciences,Psychology,7981.0
2007,Social Sciences,Public Administration and Social Service Professions,5446.0
2007,Social Sciences,Social Sciences,27792.0
2007,Undeclared,Undeclared,19215.0
2008,Agriculture,Agriculture,6294.0
2008,Agriculture,Natural Resources and Conservation,2667.0
2008,Business and Management,Business and Management,137495.0
2008,Communications and Journalism,"Communication, Journalism",10885.0
2008,Communications and Journalism,Communications Technologies/Technicians,2081.0
2008,Education,Education,18120.0
2008,Engineering,Construction Trades,602.0
2008,Engineering,Engineering,111532.0
2008,Engineering,Engineering Technologies/Technicians,5228.0
2008,Engineering,Mechanic and Repair Technologies/Technicians,515.0
2008,Engineering,Military Technologies,358.0
2008,Engineering,Precision Production,56.0
2008,Engineering,Transportation and Materials Moving,1047.0
2008,Fine and Applied Arts,Architecture,7202.0
2008,Fine and Applied Arts,Visual and Performing Arts,27652.0
2008,Health Professions,Health Professions,35064.0
2008,Health Professions,Residency Programs,382.0
2008,Humanities,English Language and Literature/Letters,5745.0
2008,Humanities,"Foreign Languages, Literatures and Linguistics",6726.0
2008,Humanities,Philosophy and Religious Studies,3008.0
2008,Humanities,Theology and Religious Vocations,3700.0
2008,Intensive English,Intensive English,28524.0
2008,Legal Studies and Law Enforcement,"Homeland Security, Law Enforcement, and Firefighting",1089.0
2008,Legal Studies and Law Enforcement,Legal Professions and Studies,8700.0
2008,Math and Computer Science,Computer and Information Sciences,43050.0
2008,Math and Computer Science,Mathematics and Statistics,13317.0
2008,Other Fields of Study,Basic Skills,
2008,Other Fields of Study,Family and Consumer Sciences/Human Sciences,2763.0
2008,Other Fields of Study,Liberal Arts and Sciences/General Studies,37681.0
2008,Other Fields of Study,Library Science,466.0
2008,Other Fields of Study,Multi/Interdisciplinary Studies,9695.0
2008,Other Fields of Study,"Parks, Recreation, Leisure and Fitness Studies",3628.0
2008,Other Fields of Study,Personal and Culinary Services,1070.0
2008,Other Fields of Study,Reserve Officer Training Corps,
2008,Physical and Life Sciences,Biological and Biomedical Sciences,34144.0
2008,Physical and Life Sciences,Physical Sciences,26302.0
2008,Physical and Life Sciences,Science Technologies/Technicians,1253.0
2008,Social Sciences,"Area, Ethnic, Cultural and Gender Studies",2321.0
2008,Social Sciences,History,2546.0
2008,Social Sciences,Psychology,9269.0
2008,Social Sciences,Public Administration and Social Service Professions,6253.0
2008,Social Sciences,Social Sciences,32242.0
2008,Undeclared,Undeclared,20944.0
2009,Agriculture,Agriculture,6942.0
2009,Agriculture,Natural Resources and Conservation,3346.0
2009,Business and Management,Business and Management,144294.0
2009,Communications and Journalism,"Communication, Journalism",11695.0
2009,Communications and Journalism,Communications Technologies/Technicians,2717.0
2009,Education,Education,18301.0
2009,Engineering,Construction Trades,179.0
2009,Engineering,Engineering,117325.0
2009,Engineering,Engineering Technologies/Technicians,8026.0
2009,Engineering,Mechanic and Repair Technologies/Technicians,463.0
2009,Engineering,Military Technologies,1.0
2009,Engineering,Precision Production,38.0
2009,Engineering,Transportation and Materials Moving,1412.0
2009,Fine and Applied Arts,Architecture,7944.0
2009,Fine and Applied Arts,Visual and Performing Arts,27863.0
2009,Health Professions,Health Professions,32105.0
2009,Health Professions,Residency Programs,394.0
2009,Humanities,English Language and Literature/Letters,5952.0
2009,Humanities,"Foreign Languages, Literatures and Linguistics",6754.0
2009,Humanities,Philosophy and Religious Studies,2225.0
2009,Humanities,Theology and Religious Vocations,3062.0
2009,Intensive English,Intensive English,26059.0
2009,Legal Studies and Law Enforcement,"Homeland Security, Law Enforcement, and Firefighting",1074.0
2009,Legal Studies and Law Enforcement,Legal Professions and Studies,8965.0
2009,Math and Computer Science,Computer and Information Sciences,45511.0
2009,Math and Computer Science,Mathematics and Statistics,15289.0
2009,Other Fields of Study,Basic Skills,
2009,Other Fields of Study,Family and Consumer Sciences/Human Sciences,3570.0
2009,Other Fields of Study,Liberal Arts and Sciences/General Studies,38520.0
2009,Other Fields of Study,Library Science,553.0
2009,Other Fields of Study,Multi/Interdisciplinary Studies,10317.0
2009,Other Fields of Study,"Parks, Recreation, Leisure and Fitness Studies",4051.0
2009,Other Fields of Study,Personal and Culinary Services,1107.0
2009,Other Fields of Study,Reserve Officer Training Corps,
2009,Physical and Life Sciences,Biological and Biomedical Sciences,33929.0
2009,Physical and Life Sciences,Physical Sciences,26547.0
2009,Physical and Life Sciences,Science Technologies/Technicians,835.0
2009,Social Sciences,"Area, Ethnic, Cultural and Gender Studies",2131.0
2009,Social Sciences,History,2424.0
2009,Social Sciences,Psychology,8992.0
2009,Social Sciences,Public Administration and Social Service Professions,6934.0
2009,Social Sciences,Social Sciences,34372.0
2009,Undeclared,Undeclared,18705.0
2010,Agriculture,Agriculture,6801.0
2010,Agriculture,Natural Resources and Conservation,3087.0
2010,Business and Management,Business and Management,154452.0
2010,Communications and Journalism,"Communication, Journalism",12225.0
2010,Communications and Journalism,Communications Technologies/Technicians,2537.0
2010,Education,Education,16933.0
2010,Engineering,Construction Trades,319.0
2010,Engineering,Engineering,126180.0
2010,Engineering,Engineering Technologies/Technicians,6640.0
2010,Engineering,Mechanic and Repair Technologies/Technicians,506.0
2010,Engineering,Military Technologies,24.0
2010,Engineering,Precision Production,43.0
2010,Engineering,Transportation and Materials Moving,1904.0
2010,Fine and Applied Arts,Architecture,8819.0
2010,Fine and Applied Arts,Visual and Performing Arts,28418.0
2010,Health Professions,Health Professions,32526.0
2010,Health Professions,Residency Programs,295.0
2010,Humanities,English Language and Literature/Letters,4969.0
2010,Humanities,"Foreign Languages, Literatures and Linguistics",6669.0
2010,Humanities,Philosophy and Religious Studies,2215.0
2010,Humanities,Theology and Religious Vocations,2410.0
2010,Intensive English,Intensive English,32306.0
2010,Legal Studies and Law Enforcement,"Homeland Security, Law Enforcement, and Firefighting",1093.0
2010,Legal Studies and Law Enforcement,Legal Professions and Studies,9656.0
2010,Math and Computer Science,Computer and Information Sciences,46849.0
2010,Math and Computer Science,Mathematics and Statistics,17739.0
2010,Other Fields of Study,Basic Skills,
2010,Other Fields of Study,Family and Consumer Sciences/Human Sciences,3676.0
2010,Other Fields of Study,Liberal Arts and Sciences/General Studies,36856.0
2010,Other Fields of Study,Library Science,431.0
2010,Other Fields of Study,Multi/Interdisciplinary Studies,9663.0
2010,Other Fields of Study,"Parks, Recreation, Leisure and Fitness Studies",3909.0
2010,Other Fields of Study,Personal and Culinary Services,1317.0
2010,Other Fields of Study,Reserve Officer Training Corps,96.0
2010,Physical and Life Sciences,Biological and Biomedical Sciences,34784.0
2010,Physical and Life Sciences,Physical Sciences,27674.0
2010,Physical and Life Sciences,Science Technologies/Technicians,1013.0
2010,Social Sciences,"Area, Ethnic, Cultural and Gender Studies",2317.0
2010,Social Sciences,History,2289.0
2010,Social Sciences,Psychology,9569.0
2010,Social Sciences,Public Administration and Social Service Professions,6763.0
2010,Social Sciences,Social Sciences,37407.0
2010,Undeclared,Undeclared,19898.0
2011,Agriculture,Agriculture,6535.0
2011,Agriculture,Natural Resources and Conservation,3215.0
2011,Business and Management,Business and Management,164943.0
2011,Communications and Journalism,"Communication, Journalism",13169.0
2011,Communications and Journalism,Communications Technologies/Technicians,2538.0
2011,Education,Education,17200.0
2011,Engineering,Construction Trades,157.0
2011,Engineering,Engineering,132414.0
2011,Engineering,Engineering Technologies/Technicians,6504.0
2011,Engineering,Mechanic and Repair Technologies/Technicians,527.0
2011,Engineering,Military Technologies,28.0
2011,Engineering,Precision Production,40.0
2011,Engineering,Transportation and Materials Moving,1643.0
2011,Fine and Applied Arts,Architecture,9992.0
2011,Fine and Applied Arts,Visual and Performing Arts,31718.0
2011,Health Professions,Health Professions,29535.0
2011,Health Professions,Residency Programs,287.0
2011,Humanities,English Language and Literature/Letters,5018.0
2011,Humanities,"Foreign Languages, Literatures and Linguistics",6498.0
2011,Humanities,Philosophy and Religious Studies,2237.0
2011,Humanities,Theology and Religious Vocations,2541.0
2011,Intensive English,Intensive English,38887.0
2011,Legal Studies and Law Enforcement,"Homeland Security, Law Enforcement, and Firefighting",1406.0
2011,Legal Studies and Law Enforcement,Legal Professions and Studies,9779.0
2011,Math and Computer Science,Computer and Information Sciences,51333.0
2011,Math and Computer Science,Mathematics and Statistics,20031.0
2011,Other Fields of Study,Basic Skills,
2011,Other Fields of Study,Family and Consumer Sciences/Human Sciences,3452.0
2011,Other Fields of Study,Liberal Arts and Sciences/General Studies,36919.0
2011,Other Fields of Study,Library Science,378.0
2011,Other Fields of Study,Multi/Interdisciplinary Studies,10701.0
2011,Other Fields of Study,"Parks, Recreation, Leisure and Fitness Studies",3783.0
2011,Other Fields of Study,Personal and Culinary Services,1790.0
2011,Other Fields of Study,Reserve Officer Training Corps,1.0
2011,Physical and Life Sciences,Biological and Biomedical Sciences,35815.0
2011,Physical and Life Sciences,Physical Sciences,29281.0
2011,Physical and Life Sciences,Science Technologies/Technicians,911.0
2011,Social Sciences,"Area, Ethnic, Cultural and Gender Studies",2181.0
2011,Social Sciences,History,2177.0
2011,Social Sciences,Psychology,10239.0
2011,Social Sciences,Public Administration and Social Service Professions,7136.0
2011,Social Sciences,Social Sciences,39241.0
2011,Undeclared,Undeclared,22315.0
2012,Agriculture,Agriculture,7043.0
2012,Agriculture,Natural Resources and Conservation,3420.0
2012,Business and Management,Business and Management,177741.0
2012,Communications and Journalism,"Communication, Journalism",14938.0
2012,Communications and Journalism,Communications Technologies/Technicians,2559.0
2012,Education,Education,17011.0
2012,Engineering,Construction Trades,150.0
2012,Engineering,Engineering,144805.0
2012,Engineering,Engineering Technologies/Technicians,6553.0
2012,Engineering,Mechanic and Repair Technologies/Technicians,455.0
2012,Engineering,Military Technologies,53.0
2012,Engineering,Precision Production,62.0
2012,Engineering,Transportation and Materials Moving,2161.0
2012,Fine and Applied Arts,Architecture,10918.0
2012,Fine and Applied Arts,Visual and Performing Arts,34932.0
2012,Health Professions,Health Professions,31222.0
2012,Health Professions,Residency Programs,249.0
2012,Humanities,English Language and Literature/Letters,5196.0
2012,Humanities,"Foreign Languages, Literatures and Linguistics",6774.0
2012,Humanities,Philosophy and Religious Studies,2122.0
2012,Humanities,Theology and Religious Vocations,3029.0
2012,Intensive English,Intensive English,39990.0
2012,Legal Studies and Law Enforcement,"Homeland Security, Law Enforcement, and Firefighting",1343.0
2012,Legal Studies and Law Enforcement,Legal Professions and Studies,9955.0
2012,Math and Computer Science,Computer and Information Sciences,53953.0
2012,Math and Computer Science,Mathematics and Statistics,23607.0
2012,Other Fields of Study,Basic Skills,1443.0
2012,Other Fields of Study,Family and Consumer Sciences/Human Sciences,4116.0
2012,Other Fields of Study,Liberal Arts and Sciences/General Studies,35172.0
2012,Other Fields of Study,Library Science,393.0
2012,Other Fields of Study,Multi/Interdisciplinary Studies,10991.0
2012,Other Fields of Study,"Parks, Recreation, Leisure and Fitness Studies",4145.0
2012,Other Fields of Study,Personal and Culinary Services,1243.0
2012,Other Fields of Study,Reserve Officer Training Corps,7.0
2012,Physical and Life Sciences,Biological and Biomedical Sciences,36780.0
2012,Physical and Life Sciences,Physical Sciences,31352.0
2012,Physical and Life Sciences,Science Technologies/Technicians,1020.0
2012,Social Sciences,"Area, Ethnic, Cultural and Gender Studies",2298.0
2012,Social Sciences,History,2313.0
2012,Social Sciences,Psychology,11271.0
2012,Social Sciences,Public Administration and Social Service Professions,7602.0
2012,Social Sciences,Social Sciences,44302.0
2012,Undeclared,Undeclared,24955.0
2013,Agriculture,Agriculture,7114.0
2013,Agriculture,Natural Resources and Conservation,3521.0
2013,Business and Management,Business and Management,188179.0
2013,Communications and Journalism,"Communication, Journalism",15851.0
2013,Communications and Journalism,Communications Technologies/Technicians,2827.0
2013,Education,Education,17879.0
2013,Engineering,Construction Trades,203.0
2013,Engineering,Engineering,160128.0
2013,Engineering,Engineering Technologies/Technicians,7310.0
2013,Engineering,Mechanic and Repair Technologies/Technicians,581.0
2013,Engineering,Military Technologies,10.0
2013,Engineering,Precision Production,54.0
2013,Engineering,Transportation and Materials Moving,1903.0
2013,Fine and Applied Arts,Architecture,12105.0
2013,Fine and Applied Arts,Visual and Performing Arts,39090.0
2013,Health Professions,Health Professions,31527.0
2013,Health Professions,Residency Programs,427.0
2013,Humanities,English Language and Literature/Letters,5446.0
2013,Humanities,"Foreign Languages, Literatures and Linguistics",7079.0
2013,Humanities,Philosophy and Religious Studies,2173.0
2013,Humanities,Theology and Religious Vocations,3232.0
2013,Intensive English,Intensive English,43456.0
2013,Legal Studies and Law Enforcement,"Homeland Security, Law Enforcement, and Firefighting",1830.0
2013,Legal Studies and Law Enforcement,Legal Professions and Studies,10872.0
2013,Math and Computer Science,Computer and Information Sciences,65291.0
2013,Math and Computer Science,Mathematics and Statistics,26143.0
2013,Other Fields of Study,Basic Skills,2092.0
2013,Other Fields of Study,Family and Consumer Sciences/Human Sciences,4056.0
2013,Other Fields of Study,Liberal Arts and Sciences/General Studies,39137.0
2013,Other Fields of Study,Library Science,402.0
2013,Other Fields of Study,Multi/Interdisciplinary Studies,12197.0
2013,Other Fields of Study,"Parks, Recreation, Leisure and Fitness Studies",4228.0
2013,Other Fields of Study,Personal and Culinary Services,1132.0
2013,Other Fields of Study,Reserve Officer Training Corps,13.0
2013,Physical and Life Sciences,Biological and Biomedical Sciences,37357.0
2013,Physical and Life Sciences,Physical Sciences,32187.0
2013,Physical and Life Sciences,Science Technologies/Technicians,935.0
2013,Social Sciences,"Area, Ethnic, Cultural and Gender Studies",2616.0
2013,Social Sciences,History,2445.0
2013,Social Sciences,Psychology,12060.0
2013,Social Sciences,Public Administration and Social Service Professions,8089.0
2013,Social Sciences,Social Sciences,47180.0
2013,Undeclared,Undeclared,25695.0
2014,Agriculture,Agriculture,8271.0
2014,Agriculture,Natural Resources and Conservation,4007.0
2014,Business and Management,Business and Management,197258.0
2014,Communications and Journalism,"Communication, Journalism",16964.0
2014,Communications and Journalism,Communications Technologies/Technicians,3197.0
2014,Education,Education,17675.0
2014,Engineering,Construction Trades,183.0
2014,Engineering,Engineering,184603.0
2014,Engineering,Engineering Technologies/Technicians,9149.0
2014,Engineering,Mechanic and Repair Technologies/Technicians,538.0
2014,Engineering,Military Technologies,16.0
2014,Engineering,Precision Production,69.0
2014,Engineering,Transportation and Materials Moving,2192.0
2014,Fine and Applied Arts,Architecture,13507.0
2014,Fine and Applied Arts,Visual and Performing Arts,43251.0
2014,Health Professions,Health Professions,33247.0
2014,Health Professions,Residency Programs,152.0
2014,Humanities,English Language and Literature/Letters,5340.0
2014,Humanities,"Foreign Languages, Literatures and Linguistics",7389.0
2014,Humanities,Philosophy and Religious Studies,2101.0
2014,Humanities,Theology and Religious Vocations,2674.0
2014,Intensive English,Intensive English,49233.0
2014,Legal Studies and Law Enforcement,"Homeland Security, Law Enforcement, and Firefighting",2002.0
2014,Legal Studies and Law Enforcement,Legal Professions and Studies,11776.0
2014,Math and Computer Science,Computer and Information Sciences,83241.0
2014,Math and Computer Science,Mathematics and Statistics,29709.0
2014,Other Fields of Study,Basic Skills,2705.0
2014,Other Fields of Study,Family and Consumer Sciences/Human Sciences,4158.0
2014,Other Fields of Study,Liberal Arts and Sciences/General Studies,45762.0
2014,Other Fields of Study,Library Science,301.0
2014,Other Fields of Study,Multi/Interdisciplinary Studies,14912.0
2014,Other Fields of Study,"Parks, Recreation, Leisure and Fitness Studies",4252.0
2014,Other Fields of Study,Personal and Culinary Services,1078.0
2014,Other Fields of Study,Reserve Officer Training Corps,8.0
2014,Physical and Life Sciences,Biological and Biomedical Sciences,39294.0
2014,Physical and Life Sciences,Physical Sciences,33607.0
2014,Physical and Life Sciences,Science Technologies/Technicians,937.0
2014,Social Sciences,"Area, Ethnic, Cultural and Gender Studies",2504.0
2014,Social Sciences,History,2420.0
2014,Social Sciences,Psychology,12840.0
2014,Social Sciences,Public Administration and Social Service Professions,8816.0
2014,Social Sciences,Social Sciences,49371.0
2014,Undeclared,Undeclared,24217.0
2015,Agriculture,Agriculture,8043.0
2015,Agriculture,Natural Resources and Conservation,4275.0
2015,Business and Management,Business and Management,200312.0
2015,Communications and Journalism,"Communication, Journalism",18483.0
2015,Communications and Journalism,Communications Technologies/Technicians,2677.0
2015,Education,Education,19483.0
2015,Engineering,Construction Trades,255.0
2015,Engineering,Engineering,201145.0
2015,Engineering,Engineering Technologies/Technicians,12871.0
2015,Engineering,Mechanic and Repair Technologies/Technicians,671.0
2015,Engineering,Military Technologies,116.0
2015,Engineering,Precision Production,75.0
2015,Engineering,Transportation and Materials Moving,1799.0
2015,Fine and Applied Arts,Architecture,14131.0
2015,Fine and Applied Arts,Visual and Performing Arts,45605.0
2015,Health Professions,Health Professions,33646.0
2015,Health Professions,Residency Programs,301.0
2015,Humanities,English Language and Literature/Letters,5052.0
2015,Humanities,"Foreign Languages, Literatures and Linguistics",7298.0
2015,Humanities,Philosophy and Religious Studies,2170.0
2015,Humanities,Theology and Religious Vocations,3144.0
2015,Intensive English,Intensive English,40877.0
2015,Legal Studies and Law Enforcement,"Homeland Security, Law Enforcement, and Firefighting",2368.0
2015,Legal Studies and Law Enforcement,Legal Professions and Studies,12709.0
2015,Math and Computer Science,Computer and Information Sciences,107682.0
2015,Math and Computer Science,Mathematics and Statistics,33969.0
2015,Other Fields of Study,Basic Skills,3101.0
2015,Other Fields of Study,Family and Consumer Sciences/Human Sciences,3869.0
2015,Other Fields of Study,Liberal Arts and Sciences/General Studies,50360.0
2015,Other Fields of Study,Library Science,350.0
2015,Other Fields of Study,Multi/Interdisciplinary Studies,17795.0
2015,Other Fields of Study,"Parks, Recreation, Leisure and Fitness Studies",5083.0
2015,Other Fields of Study,Personal and Culinary Services,737.0
2015,Other Fields of Study,Reserve Officer Training Corps,23.0
2015,Physical and Life Sciences,Biological and Biomedical Sciences,40184.0
2015,Physical and Life Sciences,Physical Sciences,33525.0
2015,Physical and Life Sciences,Science Technologies/Technicians,1676.0
2015,Social Sciences,"Area, Ethnic, Cultural and Gender Studies",2656.0
2015,Social Sciences,History,3150.0
2015,Social Sciences,Psychology,14189.0
2015,Social Sciences,Public Administration and Social Service Professions,8741.0
2015,Social Sciences,Social Sciences,52568.0
2015,Undeclared,Undeclared,26675.0
2016,Agriculture,Agriculture,7798.0
2016,Agriculture,Natural Resources and Conservation,4804.0
2016,Business and Management,Business and Management,200754.0
2016,Communications and Journalism,"Communication, Journalism",18622.0
2016,Communications and Journalism,Communications Technologies/Technicians,3291.0
2016,Education,Education,17993.0
2016,Engineering,Construction Trades,276.0
2016,Engineering,Engineering,212140.0
2016,Engineering,Engineering Technologies/Technicians,15309.0
2016,Engineering,Mechanic and Repair Technologies/Technicians,659.0
2016,Engineering,Military Technologies,267.0
2016,Engineering,Precision Production,85.0
2016,Engineering,Transportation and Materials Moving,1975.0
2016,Fine and Applied Arts,Architecture,15332.0
2016,Fine and Applied Arts,Visual and Performing Arts,46174.0
2016,Health Professions,Health Professions,34181.0
2016,Health Professions,Residency Programs,214.0
2016,Humanities,English Language and Literature/Letters,5105.0
2016,Humanities,"Foreign Languages, Literatures and Linguistics",7521.0
2016,Humanities,Philosophy and Religious Studies,2524.0
2016,Humanities,Theology and Religious Vocations,2411.0
2016,Intensive English,Intensive English,30309.0
2016,Legal Studies and Law Enforcement,"Homeland Security, Law Enforcement, and Firefighting",2281.0
2016,Legal Studies and Law Enforcement,Legal Professions and Studies,13025.0
2016,Math and Computer Science,Computer and Information Sciences,127324.0
2016,Math and Computer Science,Mathematics and Statistics,39856.0
2016,Other Fields of Study,Basic Skills,2847.0
2016,Other Fields of Study,Family and Consumer Sciences/Human Sciences,3763.0
2016,Other Fields of Study,Liberal Arts and Sciences/General Studies,54005.0
2016,Other Fields of Study,Library Science,320.0
2016,Other Fields of Study,Multi/Interdisciplinary Studies,20359.0
2016,Other Fields of Study,"Parks, Recreation, Leisure and Fitness Studies",5299.0
2016,Other Fields of Study,Personal and Culinary Services,979.0
2016,Other Fields of Study,Reserve Officer Training Corps,5.0
2016,Physical and Life Sciences,Biological and Biomedical Sciences,41589.0
2016,Physical and Life Sciences,Physical Sciences,34484.0
2016,Physical and Life Sciences,Science Technologies/Technicians,765.0
2016,Social Sciences,"Area, Ethnic, Cultural and Gender Studies",2805.0
2016,Social Sciences,History,2572.0
2016,Social Sciences,Psychology,14912.0
2016,Social Sciences,Public Administration and Social Service Professions,8641.0
2016,Social Sciences,Social Sciences,54116.0
2016,Undeclared,Undeclared,21131.0
2017,Agriculture,Agriculture,7745.0
2017,Agriculture,Natural Resources and Conservation,4728.0
2017,Business and Management,Business and Management,196054.0
2017,Communications and Journalism,"Communication, Journalism",19804.0
2017,Communications and Journalism,Communications Technologies/Technicians,3020.0
2017,Education,Education,17615.0
2017,Engineering,Construction Trades,186.0
2017,Engineering,Engineering,215290.0
2017,Engineering,Engineering Technologies/Technicians,14010.0
2017,Engineering,Mechanic and Repair Technologies/Technicians,567.0
2017,Engineering,Military Technologies,73.0
2017,Engineering,Precision Production,88.0
2017,Engineering,Transportation and Materials Moving,2496.0
2017,Fine and Applied Arts,Architecture,15252.0
2017,Fine and Applied Arts,Visual and Performing Arts,48543.0
2017,Health Professions,Health Professions,34858.0
2017,Health Professions,Residency Programs,311.0
2017,Humanities,English Language and Literature/Letters,4994.0
2017,Humanities,"Foreign Languages, Literatures and Linguistics",7508.0
2017,Humanities,Philosophy and Religious Studies,2608.0
2017,Humanities,Theology and Religious Vocations,1930.0
2017,Intensive English,Intensive English,25845.0
2017,Legal Studies and Law Enforcement,"Homeland Security, Law Enforcement, and Firefighting",2247.0
2017,Legal Studies and Law Enforcement,Legal Professions and Studies,14647.0
2017,Math and Computer Science,Computer and Information Sciences,144574.0
2017,Math and Computer Science,Mathematics and Statistics,41429.0
2017,Other Fields of Study,Basic Skills,3058.0
2017,Other Fields of Study,Family and Consumer Sciences/Human Sciences,3793.0
2017,Other Fields of Study,Liberal Arts and Sciences/General Studies,52976.0
2017,Other Fields of Study,Library Science,282.0
2017,Other Fields of Study,Multi/Interdisciplinary Studies,22378.0
2017,Other Fields of Study,"Parks, Recreation, Leisure and Fitness Studies",5404.0
2017,Other Fields of Study,Personal and Culinary Services,822.0
2017,Other Fields of Study,Reserve Officer Training Corps,7.0
2017,Physical and Life Sciences,Biological and Biomedical Sciences,42996.0
2017,Physical and Life Sciences,Physical Sciences,35018.0
2017,Physical and Life Sciences,Science Technologies/Technicians,686.0
2017,Social Sciences,"Area, Ethnic, Cultural and Gender Studies",2827.0
2017,Social Sciences,History,2485.0
2017,Social Sciences,Psychology,15462.0
2017,Social Sciences,Public Administration and Social Service Professions,8368.0
2017,Social Sciences,Social Sciences,54566.0
2017,Undeclared,Undeclared,17242.0
2018,Agriculture,Agriculture,8538.0
2018,Agriculture,Natural Resources and Conservation,5216.0
2018,Business and Management,Business and Management,182170.0
2018,Communications and Journalism,"Communication, Journalism",19797.0
2018,Communications and Journalism,Communications Technologies/Technicians,4220.0
2018,Education,Education,16786.0
2018,Engineering,Construction Trades,313.0
2018,Engineering,Engineering,214331.0
2018,Engineering,Engineering Technologies/Technicians,13275.0
2018,Engineering,Mechanic and Repair Technologies/Technicians,605.0
2018,Engineering,Military Technologies,89.0
2018,Engineering,Precision Production,82.0
2018,Engineering,Transportation and Materials Moving,2085.0
2018,Fine and Applied Arts,Architecture,14690.0
2018,Fine and Applied Arts,Visual and Performing Arts,48407.0
2018,Health Professions,Health Professions,35269.0
2018,Health Professions,Residency Programs,177.0
2018,Humanities,English Language and Literature/Letters,4916.0
2018,Humanities,"Foreign Languages, Literatures and Linguistics",7357.0
2018,Humanities,Philosophy and Religious Studies,2673.0
2018,Humanities,Theology and Religious Vocations,2067.0
2018,Intensive English,Intensive English,22026.0
2018,Legal Studies and Law Enforcement,"Homeland Security, Law Enforcement, and Firefighting",2322.0
2018,Legal Studies and Law Enforcement,Legal Professions and Studies,14161.0
2018,Math and Computer Science,Computer and Information Sciences,156654.0
2018,Math and Computer Science,Mathematics and Statistics,46807.0
2018,Other Fields of Study,Basic Skills,2790.0
2018,Other Fields of Study,Family and Consumer Sciences/Human Sciences,3951.0
2018,Other Fields of Study,Liberal Arts and Sciences/General Studies,51270.0
2018,Other Fields of Study,Library Science,307.0
2018,Other Fields of Study,Multi/Interdisciplinary Studies,21052.0
2018,Other Fields of Study,"Parks, Recreation, Leisure and Fitness Studies",6008.0
2018,Other Fields of Study,Personal and Culinary Services,671.0
2018,Other Fields of Study,Reserve Officer Training Corps,8.0
2018,Physical and Life Sciences,Biological and Biomedical Sciences,45338.0
2018,Physical and Life Sciences,Physical Sciences,35349.0
2018,Physical and Life Sciences,Science Technologies/Technicians,893.0
2018,Social Sciences,"Area, Ethnic, Cultural and Gender Studies",2697.0
2018,Social Sciences,History,2585.0
2018,Social Sciences,Psychology,16139.0
2018,Social Sciences,Public Administration and Social Service Professions,8248.0
2018,Social Sciences,Social Sciences,54651.0
2018,Undeclared,Undeclared,18309.0
2019,Agriculture,Agriculture,7857.0
2019,Agriculture,Natural Resources and Conservation,5277.0
2019,Business and Management,Business and Management,174470.0
2019,Communications and Journalism,"Communication, Journalism",20587.0
2019,Communications and Journalism,Communications Technologies/Technicians,3338.0
2019,Education,Education,15700.0
2019,Engineering,Construction Trades,147.0
2019,Engineering,Engineering,202697.0
2019,Engineering,Engineering Technologies/Technicians,14081.0
2019,Engineering,Mechanic and Repair Technologies/Technicians,587.0
2019,Engineering,Military Technologies,263.0
2019,Engineering,Precision Production,77.0
2019,Engineering,Transportation and Materials Moving,2690.0
2019,Fine and Applied Arts,Architecture,14959.0
2019,Fine and Applied Arts,Visual and Performing Arts,49542.0
2019,Health Professions,Health Professions,34711.0
2019,Health Professions,Residency Programs,223.0
2019,Humanities,English Language and Literature/Letters,4715.0
2019,Humanities,"Foreign Languages, Literatures and Linguistics",7293.0
2019,Humanities,Philosophy and Religious Studies,2896.0
2019,Humanities,Theology and Religious Vocations,2088.0
2019,Intensive English,Intensive English,21301.0
2019,Legal Studies and Law Enforcement,"Homeland Security, Law Enforcement, and Firefighting",2071.0
2019,Legal Studies and Law Enforcement,Legal Professions and Studies,14198.0
2019,Math and Computer Science,Computer and Information Sciences,157566.0
2019,Math and Computer Science,Mathematics and Statistics,47641.0
2019,Other Fields of Study,Basic Skills,3481.0
2019,Other Fields of Study,Family and Consumer Sciences/Human Sciences,3891.0
2019,Other Fields of Study,Liberal Arts and Sciences/General Studies,45775.0
2019,Other Fields of Study,Library Science,263.0
2019,Other Fields of Study,Multi/Interdisciplinary Studies,21738.0
2019,Other Fields of Study,"Parks, Recreation, Leisure and Fitness Studies",5963.0
2019,Other Fields of Study,Personal and Culinary Services,669.0
2019,Other Fields of Study,Reserve Officer Training Corps,57.0
2019,Physical and Life Sciences,Biological and Biomedical Sciences,45298.0
2019,Physical and Life Sciences,Physical Sciences,35773.0
2019,Physical and Life Sciences,Science Technologies/Technicians,900.0
2019,Social Sciences,"Area, Ethnic, Cultural and Gender Studies",2695.0
2019,Social Sciences,History,2618.0
2019,Social Sciences,Psychology,16984.0
2019,Social Sciences,Public Administration and Social Service Professions,7739.0
2019,Social Sciences,Social Sciences,54404.0
2019,Undeclared,Undeclared,20273.0
2020,Agriculture,Agriculture,7348.0
2020,Agriculture,Natural Resources and Conservation,5012.0
2020,Business and Management,Business and Management,145658.0
2020,Communications and Journalism,"Communication, Journalism",17308.0
2020,Communications and Journalism,Communications Technologies/Technicians,3305.0
2020,Education,Education,15402.0
2020,Engineering,Construction Trades,136.0
2020,Engineering,Engineering,175076.0
2020,Engineering,Engineering Technologies/Technicians,12276.0
2020,Engineering,Mechanic and Repair Technologies/Technicians,326.0
2020,Engineering,Military Technologies,123.0
2020,Engineering,Precision Production,54.0
2020,Engineering,Transportation and Materials Moving,2599.0
2020,Fine and Applied Arts,Architecture,12914.0
2020,Fine and Applied Arts,Visual and Performing Arts,38187.0
2020,Health Professions,Health Professions,31768.0
2020,Health Professions,Residency Programs,700.0
2020,Humanities,English Language and Literature/Letters,3505.0
2020,Humanities,"Foreign Languages, Literatures and Linguistics",6446.0
2020,Humanities,Philosophy and Religious Studies,2845.0
2020,Humanities,Theology and Religious Vocations,1906.0
2020,Intensive English,Intensive English,8355.0
2020,Legal Studies and Law Enforcement,"Homeland Security, Law Enforcement, and Firefighting",1950.0
2020,Legal Studies and Law Enforcement,Legal Professions and Studies,9734.0
2020,Math and Computer Science,Computer and Information Sciences,139621.0
2020,Math and Computer Science,Mathematics and Statistics,42485.0
2020,Other Fields of Study,Basic Skills,1170.0
2020,Other Fields of Study,Family and Consumer Sciences/Human Sciences,2851.0
2020,Other Fields of Study,Liberal Arts and Sciences/General Studies,33266.0
2020,Other Fields of Study,Library Science,238.0
2020,Other Fields of Study,Multi/Interdisciplinary Studies,19876.0
2020,Other Fields of Study,"Parks, Recreation, Leisure and Fitness Studies",5728.0
2020,Other Fields of Study,Personal and Culinary Services,775.0
2020,Other Fields of Study,Reserve Officer Training Corps,138.0
2020,Physical and Life Sciences,Biological and Biomedical Sciences,42067.0
2020,Physical and Life Sciences,Physical Sciences,31964.0
2020,Physical and Life Sciences,Science Technologies/Technicians,998.0
2020,Social Sciences,"Area, Ethnic, Cultural and Gender Studies",2217.0
2020,Social Sciences,History,2369.0
2020,Social Sciences,Psychology,16196.0
2020,Social Sciences,Public Administration and Social Service Professions,6360.0
2020,Social Sciences,Social Sciences,49277.0
2020,Undeclared,Undeclared,13566.0
2021,Agriculture,Agriculture,7546.0
2021,Agriculture,Natural Resources and Conservation,5179.0
2021,Business and Management,Business and Management,147293.0
2021,Communications and Journalism,"Communication, Journalism",16771.0
2021,Communications and Journalism,Communications Technologies/Technicians,2931.0
2021,Education,Education,15272.0
2021,Engineering,Construction Trades,140.0
2021,Engineering,Engineering,173718.0
2021,Engineering,Engineering Technologies/Technicians,11261.0
2021,Engineering,Mechanic and Repair Technologies/Technicians,353.0
2021,Engineering,Military Technologies,133.0
2021,Engineering,Precision Production,50.0
2021,Engineering,Transportation and Materials Moving,2539.0
2021,Fine and Applied Arts,Architecture,12395.0
2021,Fine and Applied Arts,Visual and Performing Arts,38741.0
2021,Health Professions,Health Professions,31379.0
2021,Health Professions,Residency Programs,673.0
2021,Humanities,English Language and Literature/Letters,3816.0
2021,Humanities,"Foreign Languages, Literatures and Linguistics",6343.0
2021,Humanities,Philosophy and Religious Studies,2838.0
2021,Humanities,Theology and Religious Vocations,2207.0
2021,Intensive English,Intensive English,7358.0
2021,Legal Studies and Law Enforcement,"Homeland Security, Law Enforcement, and Firefighting",1853.0
2021,Legal Studies and Law Enforcement,Legal Professions and Studies,11940.0
2021,Math and Computer Science,Computer and Information Sciences,157896.0
2021,Math and Computer Science,Mathematics and Statistics,42405.0
2021,Other Fields of Study,Basic Skills,1581.0
2021,Other Fields of Study,Family and Consumer Sciences/Human Sciences,2329.0
2021,Other Fields of Study,Liberal Arts and Sciences/General Studies,37228.0
2021,Other Fields of Study,Library Science,212.0
2021,Other Fields of Study,Multi/Interdisciplinary Studies,22932.0
2021,Other Fields of Study,"Parks, Recreation, Leisure and Fitness Studies",6095.0
2021,Other Fields of Study,Personal and Culinary Services,544.0
2021,Other Fields of Study,Reserve Officer Training Corps,27.0
2021,Physical and Life Sciences,Biological and Biomedical Sciences,45214.0
2021,Physical and Life Sciences,Physical Sciences,32917.0
2021,Physical and Life Sciences,Science Technologies/Technicians,581.0
2021,Social Sciences,"Area, Ethnic, Cultural and Gender Studies",2373.0
2021,Social Sciences,History,2428.0
2021,Social Sciences,Psychology,16832.0
2021,Social Sciences,Public Administration and Social Service Professions,6780.0
2021,Social Sciences,Social Sciences,50357.0
2021,Undeclared,Undeclared,17059.0
2022,Agriculture,Agriculture,7868.0
2022,Agriculture,Natural Resources and Conservation,5593.0
2022,Business and Management,Business and Management,157281.0
2022,Communications and Journalism,"Communication, Journalism",18059.0
2022,Communications and Journalism,Communications Technologies/Technicians,3931.0
2022,Education,Education,15897.0
2022,Engineering,Construction Trades,248.0
2022,Engineering,Engineering,183048.0
2022,Engineering,Engineering Technologies/Technicians,16132.0
2022,Engineering,Mechanic and Repair Technologies/Technicians,361.0
2022,Engineering,Military Technologies,295.0
2022,Engineering,Precision Production,43.0
2022,Engineering,Transportation and Materials Moving,2674.0
2022,Fine and Applied Arts,Architecture,13242.0
2022,Fine and Applied Arts,Visual and Performing Arts,38447.0
2022,Health Professions,Health Professions,33785.0
2022,Health Professions,Residency Programs,1071.0
2022,Humanities,English Language and Literature/Letters,4116.0
2022,Humanities,"Foreign Languages, Literatures and Linguistics",6416.0
2022,Humanities,Philosophy and Religious Studies,3146.0
2022,Humanities,Theology and Religious Vocations,2105.0
2022,Intensive English,Intensive English,10404.0
2022,Legal Studies and Law Enforcement,"Homeland Security, Law Enforcement, and Firefighting",2084.0
2022,Legal Studies and Law Enforcement,Legal Professions and Studies,14012.0
2022,Math and Computer Science,Computer and Information Sciences,196727.0
2022,Math and Computer Science,Mathematics and Statistics,43503.0
2022,Other Fields of Study,Basic Skills,3076.0
2022,Other Fields of Study,Family and Consumer Sciences/Human Sciences,2250.0
2022,Other Fields of Study,Liberal Arts and Sciences/General Studies,43067.0
2022,Other Fields of Study,Library Science,103.0
2022,Other Fields of Study,Multi/Interdisciplinary Studies,32496.0
2022,Other Fields of Study,"Parks, Recreation, Leisure and Fitness Studies",6287.0
2022,Other Fields of Study,Personal and Culinary Services,646.0
2022,Other Fields of Study,Reserve Officer Training Corps,37.0
2022,Physical and Life Sciences,Biological and Biomedical Sciences,49993.0
2022,Physical and Life Sciences,Physical Sciences,34126.0
2022,Physical and Life Sciences,Science Technologies/Technicians,711.0
2022,Social Sciences,"Area, Ethnic, Cultural and Gender Studies",2492.0
2022,Social Sciences,History,2551.0
2022,Social Sciences,Psychology,18474.0
2022,Social Sciences,Public Administration and Social Service Professions,8483.0
2022,Social Sciences,Social Sciences,53998.0
2022,Undeclared,Undeclared,17910.0
